date,country,total_cc_pageview_counts
2015-07-05,India,3557
2015-07-19,India,3769
2015-07-25,India,4839
2015-07-26,India,5243
2015-08-11,India,11377
2015-08-23,India,11120
2015-09-03,India,3783
2015-09-25,India,4961
2015-10-04,India,3939
2015-10-10,India,4233
2015-10-11,India,3730
2015-10-13,India,3647
2015-10-16,India,3528
2015-10-19,India,3608
2015-10-20,India,3508
2015-10-23,India,3583
2015-10-25,India,5263
2015-10-26,India,8191
2015-10-27,India,9251
2015-10-28,India,3606
2015-11-01,India,7352
2015-11-03,India,3772
2015-11-04,India,3819
2015-11-05,India,7320
2015-11-15,India,4644
2015-11-16,India,4266
2015-11-18,India,8266
2015-11-25,India,3656
2015-11-30,India,4507
2015-12-01,India,12017
2015-12-03,India,9166
2015-12-04,India,15723
2015-12-05,India,8345
2015-12-06,India,11119
2015-12-07,India,20934
2015-12-08,India,12670
2015-12-09,India,7791
2015-12-09,Sri Lanka,3527
2015-12-10,India,3721
2015-12-12,India,4937
2015-12-13,India,5022
2015-12-14,India,5813
2015-12-15,India,3539
2015-12-16,India,4109
2015-12-21,India,3724
2015-12-28,India,4108
2015-12-29,India,4526
2015-12-30,India,4026
2016-01-02,India,8583
2016-01-03,India,8243
2016-01-04,India,9636
2016-01-05,India,8961
2016-01-06,India,10129
2016-01-07,India,9027
2016-01-08,India,7736
2016-01-09,India,8678
2016-01-10,India,11365
2016-01-11,India,11575
2016-01-12,India,11699
2016-01-13,India,10180
2016-01-14,India,9568
2016-01-15,India,9178
2016-01-16,India,10806
2016-01-17,India,15037
2016-01-18,India,11233
2016-01-19,India,11554
2016-01-20,India,10071
2016-01-21,India,12186
2016-01-22,India,4080
2016-01-23,India,3773
2016-01-24,India,8267
2016-01-26,India,8400
2016-01-27,India,8761
2016-01-28,India,8009
2016-01-29,India,3787
2016-01-31,India,9580
2016-02-01,India,4178
2016-02-02,India,8234
2016-02-03,India,7950
2016-02-04,India,7524
2016-02-05,India,3624
2016-02-07,India,4161
2016-02-08,India,8645
2016-02-09,India,4218
2016-02-10,India,4458
2016-02-11,India,9049
2016-02-12,India,3879
2016-02-15,India,3538
2016-02-18,India,3709
2016-03-06,India,3530
2016-03-19,India,8256
2016-03-30,Sri Lanka,3649
2016-04-10,India,32217
2016-04-30,Sri Lanka,3763
2016-05-17,India,6413
2016-05-25,India,3507
2016-05-31,India,4219
2016-06-02,India,3998
2016-06-04,India,3507
2016-06-06,India,3810
2016-06-07,India,12335
2016-06-08,India,11402
2016-06-09,India,10616
2016-06-10,India,4428
2016-06-16,India,8750
2016-06-17,India,8153
2016-06-20,India,18983
2016-06-21,India,51712
2016-06-22,India,28073
2016-06-23,India,17533
2016-06-24,India,11658
2016-06-25,India,7751
2016-06-26,India,7143
2016-06-27,India,4853
2016-06-28,India,9239
2016-06-29,India,3953
2016-06-30,India,3576
2016-07-01,Nepal,4832
2016-07-03,India,4146
2016-07-04,India,3896
2016-07-05,India,3568
2016-07-06,India,7959
2016-07-07,India,9748
2016-07-08,India,8281
2016-07-09,India,8709
2016-07-10,India,9650
2016-07-11,India,9200
2016-07-12,India,9575
2016-07-13,India,10949
2016-07-14,India,10358
2016-07-15,India,9198
2016-07-16,India,7891
2016-07-17,India,9553
2016-07-18,India,9824
2016-07-19,India,7273
2016-07-20,India,7910
2016-07-21,India,8547
2016-07-22,India,7965
2016-07-23,India,8669
2016-07-23,Sri Lanka,3669
2016-07-24,India,11672
2016-07-25,India,6747
2016-07-26,India,8002
2016-07-27,India,7682
2016-07-28,India,8371
2016-07-29,India,8550
2016-07-30,India,10414
2016-07-31,India,11504
2016-08-01,India,10075
2016-08-02,India,8835
2016-08-03,India,9475
2016-08-04,India,10013
2016-08-05,India,10251
2016-08-06,India,10745
2016-08-07,India,15197
2016-08-08,India,10776
2016-08-09,India,13582
2016-08-10,India,14142
2016-08-11,India,16214
2016-08-12,India,41494
2016-08-13,India,60325
2016-08-14,India,69130
2016-08-15,India,66550
2016-08-16,India,53906
2016-08-17,India,44641
2016-08-18,India,40872
2016-08-19,India,35844
2016-08-20,India,38220
2016-08-21,India,42311
2016-08-22,India,27810
2016-08-23,India,27170
2016-08-24,India,22186
2016-08-25,India,21227
2016-08-26,India,17729
2016-08-27,India,21623
2016-08-28,India,20440
2016-08-29,India,15694
2016-08-30,India,10523
2016-08-31,India,11806
2016-09-01,India,10100
2016-09-02,India,9560
2016-09-03,India,8082
2016-09-04,India,8564
2016-09-04,Sri Lanka,26994
2016-09-05,India,6720
2016-09-06,India,6382
2016-09-07,India,4653
2016-09-08,India,10007
2016-09-09,India,5539
2016-09-10,India,6401
2016-09-11,India,5972
2016-09-12,India,4625
2016-09-13,India,4620
2016-09-14,India,3865
2016-09-15,India,3962
2016-09-17,India,4266
2016-09-17,Sri Lanka,3882
2016-09-18,India,4260
2016-09-19,India,4639
2016-09-21,India,9365
2016-09-25,India,8436
2016-09-27,India,7221
2016-09-29,India,4246
2016-09-30,India,3985
2016-10-02,India,4115
2016-10-03,India,10081
2016-10-04,India,10034
2016-10-05,India,9478
2016-10-07,India,3645
2016-10-08,India,4256
2016-10-09,India,50376
2016-10-10,India,9731
2016-10-11,India,4862
2016-10-12,India,12911
2016-10-13,India,4490
2016-10-14,India,4230
2016-10-15,India,9034
2016-10-16,India,28397
2016-10-17,India,9662
2016-10-18,India,7599
2016-10-19,India,3610
2016-10-20,India,3702
2016-10-21,India,3698
2016-10-22,India,9484
2016-10-23,India,3562
2016-10-24,India,4138
2016-10-25,India,4496
2016-10-26,India,3533
2016-10-31,India,12276
2016-11-01,India,7581
2016-11-02,India,8753
2016-11-03,India,8233
2016-11-04,India,7934
2016-11-05,India,7399
2016-11-06,India,9351
2016-11-07,India,9078
2016-11-08,India,10059
2016-11-09,India,9792
2016-11-10,India,4617
2016-11-13,India,12360
2016-11-14,India,14608
2016-11-15,India,9566
2016-11-16,India,10466
2016-11-17,India,9116
2016-11-18,India,3590
2016-11-20,India,15522
2016-11-21,India,8572
2016-11-22,India,8399
2016-11-23,India,8295
2016-11-24,India,8742
2016-11-25,India,7865
2016-11-27,India,8835
2016-11-28,India,8919
2016-11-29,India,8313
2016-11-30,India,8685
2016-11-30,Sri Lanka,3927
2016-12-01,India,8835
2016-12-02,India,3549
2016-12-04,India,7844
2016-12-05,India,3837
2016-12-06,India,4080
2016-12-07,India,7219
2016-12-12,India,7685
2016-12-13,India,7957
2016-12-14,India,8968
2016-12-15,India,8949
2016-12-17,India,5538
2016-12-18,India,3740
2016-12-19,India,8402
2016-12-20,India,3591
2016-12-22,India,3973
2016-12-23,India,3940
2016-12-25,India,7861
2016-12-26,India,15105
2016-12-27,India,9177
2016-12-28,India,8762
2016-12-29,India,9005
2016-12-30,India,8529
2016-12-31,India,3542
2017-01-01,India,7943
2017-01-02,India,15858
2017-01-03,India,15007
2017-01-04,India,11097
2017-01-05,India,11007
2017-01-06,India,10004
2017-01-07,India,13309
2017-01-08,India,11482
2017-01-09,India,14960
2017-01-10,India,12068
2017-01-11,India,12839
2017-01-12,India,11682
2017-01-13,India,8766
2017-01-14,India,3938
2017-01-15,India,10377
2017-01-16,India,14057
2017-01-17,India,17639
2017-01-18,India,12281
2017-01-19,India,10177
2017-01-20,India,8401
2017-01-21,India,4296
2017-01-22,India,16502
2017-01-23,India,9047
2017-01-24,India,9346
2017-01-25,India,3967
2017-01-26,India,10087
2017-01-27,India,9270
2017-01-28,India,3724
2017-01-29,India,5347
2017-01-30,India,10661
2017-01-31,India,3867
2017-02-01,India,4185
2017-02-02,India,8253
2017-02-03,India,3924
2017-02-05,India,8561
2017-02-06,India,8358
2017-02-07,India,8833
2017-02-08,India,4546
2017-02-09,India,20349
2017-02-10,India,36606
2017-02-11,India,34005
2017-02-12,India,49356
2017-02-13,India,52200
2017-02-14,India,50723
2017-02-15,India,51019
2017-02-16,India,52375
2017-02-17,India,41954
2017-02-18,India,31222
2017-02-19,India,51281
2017-02-20,India,45420
2017-02-21,India,49895
2017-02-22,India,47051
2017-02-23,India,29554
2017-02-24,India,29862
2017-02-25,India,27823
2017-02-26,India,48396
2017-02-27,India,46363
2017-02-28,India,39919
2017-03-01,India,38451
2017-03-02,India,39752
2017-03-03,India,34162
2017-03-04,India,24971
2017-03-05,India,32954
2017-03-06,India,31782
2017-03-07,India,35427
2017-03-08,India,30911
2017-03-09,India,30891
2017-03-10,India,24116
2017-03-11,India,15545
2017-03-12,India,13765
2017-03-13,India,14333
2017-03-14,India,25338
2017-03-15,India,29735
2017-03-16,India,28118
2017-03-17,India,26303
2017-03-18,India,20539
2017-03-19,India,24222
2017-03-20,India,31034
2017-03-21,India,41511
2017-03-22,India,31500
2017-03-23,India,29499
2017-03-24,India,29176
2017-03-25,India,32013
2017-03-26,India,26819
2017-03-27,India,24526
2017-03-28,India,25493
2017-03-29,India,28709
2017-03-30,India,30750
2017-03-31,India,25824
2017-04-01,India,16630
2017-04-02,India,25225
2017-04-02,Sri Lanka,521
2017-04-03,India,25383
2017-04-04,India,21604
2017-04-05,India,31234
2017-04-06,India,26754
2017-04-07,India,18956
2017-04-08,India,14584
2017-04-09,India,18807
2017-04-10,India,22358
2017-04-11,India,23340
2017-04-12,India,21406
2017-04-13,India,16606
2017-04-14,India,14662
2017-04-15,India,12586
2017-04-16,India,19846
2017-04-17,India,24342
2017-04-18,India,25527
2017-04-19,India,23931
2017-04-20,India,26461
2017-04-21,India,23941
2017-04-22,India,18650
2017-04-23,India,17141
2017-04-24,India,23362
2017-04-25,India,28011
2017-04-26,India,23555
2017-04-27,India,24840
2017-04-28,India,17279
2017-04-29,India,12728
2017-04-30,India,19165
2017-05-01,India,25247
2017-05-02,India,28468
2017-05-03,India,25195
2017-05-04,India,27191
2017-05-05,India,23288
2017-05-06,India,17567
2017-05-07,India,21040
2017-05-08,India,21071
2017-05-09,India,22032
2017-05-10,India,26763
2017-05-11,India,27634
2017-05-12,India,28313
2017-05-13,India,22021
2017-05-14,India,25789
2017-05-15,India,35772
2017-05-16,India,34538
2017-05-17,India,33093
2017-05-18,India,38069
2017-05-19,India,33875
2017-05-20,India,32479
2017-05-21,India,29559
2017-05-22,India,37070
2017-05-23,India,39264
2017-05-24,India,41898
2017-05-25,India,37952
2017-05-26,India,37358
2017-05-27,India,33357
2017-05-28,India,34510
2017-05-29,India,39224
2017-05-30,India,40349
2017-05-31,India,40955
2017-06-01,India,47392
2017-06-02,India,68903
2017-06-03,India,56035
2017-06-04,India,43670
2017-06-05,India,52823
2017-06-06,India,47591
2017-06-07,India,48037
2017-06-08,India,44034
2017-06-09,India,41508
2017-06-10,India,41086
2017-06-11,India,45525
2017-06-12,India,44555
2017-06-13,India,47464
2017-06-14,India,46438
2017-06-15,India,50910
2017-06-16,India,51343
2017-06-17,India,45712
2017-06-18,India,49726
2017-06-19,India,43147
2017-06-20,India,45400
2017-06-21,India,44516
2017-06-22,India,44516
2017-06-23,India,39552
2017-06-24,India,29985
2017-06-25,India,32734
2017-06-26,India,45274
2017-06-27,India,42554
2017-06-28,India,44851
2017-06-29,India,46548
2017-06-30,India,42753
2017-07-01,India,38497
2017-07-02,India,53001
2017-07-03,India,45275
2017-07-04,India,49016
2017-07-05,India,42580
2017-07-06,India,42933
2017-07-07,India,32152
2017-07-08,India,32560
2017-07-09,India,49750
2017-07-10,India,36208
2017-07-11,India,35957
2017-07-12,India,36328
2017-07-13,India,41313
2017-07-14,India,31808
2017-07-15,India,24055
2017-07-16,India,33476
2017-07-17,India,34910
2017-07-18,India,36333
2017-07-19,India,34095
2017-07-20,India,30609
2017-07-21,India,23732
2017-07-22,India,19652
2017-07-23,India,33792
2017-07-24,India,29400
2017-07-25,India,31047
2017-07-26,India,31461
2017-07-27,India,31331
2017-07-28,India,25416
2017-07-29,India,19444
2017-07-30,India,34966
2017-07-31,India,31718
2017-08-01,India,32047
2017-08-02,India,31895
2017-08-03,India,29970
2017-08-04,India,27570
2017-08-05,India,16890
2017-08-06,India,19776
2017-08-07,India,24013
2017-08-08,India,33904
2017-08-09,India,33527
2017-08-10,India,38668
2017-08-11,India,26176
2017-08-12,India,19730
2017-08-13,India,25533
2017-08-14,India,20748
2017-08-15,India,31635
2017-08-16,India,37247
2017-08-17,India,46753
2017-08-18,India,35759
2017-08-19,India,27031
2017-08-20,India,46749
2017-08-21,India,39946
2017-08-22,India,44642
2017-08-23,India,36425
2017-08-24,India,26896
2017-08-25,India,24700
2017-08-26,India,24523
2017-08-27,India,41315
2017-08-28,India,40631
2017-08-29,India,43059
2017-08-30,India,40906
2017-08-31,India,38549
2017-09-01,India,21450
2017-09-02,India,23523
2017-09-03,India,37784
2017-09-04,India,30538
2017-09-05,India,47392
2017-09-06,India,42328
2017-09-07,India,45239
2017-09-08,India,37546
2017-09-09,India,33239
2017-09-10,India,50620
2017-09-11,India,46608
2017-09-12,India,48700
2017-09-13,India,45608
2017-09-14,India,47244
2017-09-15,India,43965
2017-09-16,India,34310
2017-09-17,India,46360
2017-09-18,India,44993
2017-09-19,India,50005
2017-09-20,India,67733
2017-09-21,India,51714
2017-09-22,India,40728
2017-09-23,India,33263
2017-09-24,India,45745
2017-09-25,India,45279
2017-09-26,India,43825
2017-09-27,India,39843
2017-09-28,India,27107
2017-09-29,India,18517
2017-09-30,India,22213
2017-10-01,India,28300
2017-10-02,India,56097
2017-10-03,India,53487
2017-10-04,India,53571
2017-10-05,India,49533
2017-10-06,India,43065
2017-10-07,India,33763
2017-10-08,India,46095
2017-10-09,India,49143
2017-10-10,India,51026
2017-10-11,India,48925
2017-10-12,India,50213
2017-10-13,India,37927
2017-10-14,India,29262
2017-10-15,India,41379
2017-10-16,India,32891
2017-10-17,India,23833
2017-10-18,India,19001
2017-10-19,India,13489
2017-10-20,India,25861
2017-10-21,India,28502
2017-10-22,India,46202
2017-10-23,India,52547
2017-10-24,India,56232
2017-10-25,India,50601
2017-10-26,India,50767
2017-10-27,India,44652
2017-10-28,India,38773
2017-10-29,India,53584
2017-10-30,India,52333
2017-10-31,India,52090
2017-11-01,India,50373
2017-11-02,India,53845
2017-11-03,India,37236
2017-11-04,India,40240
2017-11-05,India,64153
2017-11-06,India,63861
2017-11-07,India,62877
2017-11-08,India,64259
2017-11-09,India,66215
2017-11-10,India,54345
2017-11-11,India,45572
2017-11-12,India,63733
2017-11-13,India,58278
2017-11-14,India,59346
2017-11-15,India,64154
2017-11-16,India,67206
2017-11-17,India,56999
2017-11-18,India,44349
2017-11-19,India,66067
2017-11-20,India,58922
2017-11-21,India,61677
2017-11-22,India,53344
2017-11-23,India,54622
2017-11-24,India,47066
2017-11-25,India,35565
2017-11-26,India,56856
2017-11-27,India,54102
2017-11-28,India,55189
2017-11-29,India,56566
2017-11-30,India,48680
2017-12-01,India,37648
2017-12-02,India,33203
2017-12-03,India,50240
2017-12-04,India,50472
2017-12-04,Sri Lanka,639
2017-12-05,India,58074
2017-12-06,India,55261
2017-12-07,India,58139
2017-12-08,India,43878
2017-12-09,India,35908
2017-12-10,India,48957
2017-12-11,India,50896
2017-12-12,India,53099
2017-12-13,India,57569
2017-12-14,India,56932
2017-12-15,India,42235
2017-12-16,India,31180
2017-12-17,India,43541
2017-12-18,India,46843
2017-12-19,India,47738
2017-12-20,India,45053
2017-12-21,India,44480
2017-12-22,India,32359
2017-12-23,India,27264
2017-12-24,India,27657
2017-12-25,India,38873
2017-12-26,India,51252
2017-12-27,India,50670
2017-12-28,India,57675
2017-12-29,India,51269
2017-12-30,India,40237
2017-12-31,India,33384
2018-01-01,India,44126
2018-01-02,India,67508
2018-01-03,India,61669
2018-01-04,India,59999
2018-01-05,India,48039
2018-01-06,India,39543
2018-01-07,India,59670
2018-01-08,India,56915
2018-01-09,India,59355
2018-01-10,India,56037
2018-01-11,India,55488
2018-01-12,India,47895
2018-01-13,India,42855
2018-01-14,India,41816
2018-01-15,India,57951
2018-01-16,India,74313
2018-01-17,India,75385
2018-01-18,India,69410
2018-01-19,India,59379
2018-01-20,India,44198
2018-01-21,India,62476
2018-01-22,India,55010
2018-01-23,India,60935
2018-01-24,India,56489
2018-01-25,India,35028
2018-01-26,India,33411
2018-01-27,India,35294
2018-01-28,India,57351
2018-01-29,India,67702
2018-01-30,India,60658
2018-01-31,India,58941
2018-02-01,India,60033
2018-02-02,India,52867
2018-02-03,India,40003
2018-02-04,India,60791
2018-02-05,India,69490
2018-02-06,India,67825
2018-02-07,India,64781
2018-02-08,India,60350
2018-02-09,India,43722
2018-02-10,India,36839
2018-02-11,India,60777
2018-02-12,India,42346
2018-02-13,India,46780
2018-02-14,India,54266
2018-02-15,India,60887
2018-02-16,India,46691
2018-02-17,India,34459
2018-02-18,India,46143
2018-02-19,India,55416
2018-02-20,India,57493
2018-02-20,Sri Lanka,572
2018-02-21,India,54191
2018-02-21,Sri Lanka,793
2018-02-22,India,52808
2018-02-23,India,45471
2018-02-24,India,34959
2018-02-25,India,53131
2018-02-26,India,51379
2018-02-27,India,52719
2018-02-28,India,36429
2018-03-01,India,24532
2018-03-02,India,22777
2018-03-03,India,26827
2018-03-04,India,36837
2018-03-05,India,40881
2018-03-06,India,44790
2018-03-07,India,48232
2018-03-08,India,41456
2018-03-09,India,38335
2018-03-10,India,30831
2018-03-11,India,46724
2018-03-12,India,46134
2018-03-13,India,46001
2018-03-14,India,45393
2018-03-15,India,44891
2018-03-16,India,35976
2018-03-17,India,27193
2018-03-18,India,30543
2018-03-19,India,40304
2018-03-20,India,41189
2018-03-21,India,49216
2018-03-22,India,45200
2018-03-23,India,34386
2018-03-24,India,29922
2018-03-25,India,26250
2018-03-26,India,35697
2018-03-27,India,31541
2018-03-28,India,21031
2018-03-29,India,18173
2018-03-30,India,17828
2018-03-31,India,15670
2018-04-01,India,19304
2018-04-02,India,26313
2018-04-03,India,29558
2018-04-04,India,32553
2018-04-05,India,32715
2018-04-06,India,28364
2018-04-07,India,20893
2018-04-08,India,23859
2018-04-09,India,26586
2018-04-10,India,29124
2018-04-11,India,29332
2018-04-12,India,29315
2018-04-13,India,16059
2018-04-14,India,18375
2018-04-15,India,24838
2018-04-16,India,31347
2018-04-17,India,33682
2018-04-18,India,31286
2018-04-19,India,33707
2018-04-20,India,25820
2018-04-21,India,20321
2018-04-22,India,24993
2018-04-23,India,31836
2018-04-24,India,28661
2018-04-25,India,25862
2018-04-26,India,24954
2018-04-27,India,23268
2018-04-28,India,20414
2018-04-29,India,17030
2018-04-30,India,21159
2018-05-01,India,24809
2018-05-02,India,30727
2018-05-03,India,35529
2018-05-04,India,30548
2018-05-05,India,26846
2018-05-06,India,25066
2018-05-07,India,29221
2018-05-08,India,35546
2018-05-09,India,31812
2018-05-10,India,28594
2018-05-11,India,27544
2018-05-12,India,22015
2018-05-13,India,26732
2018-05-14,India,33117
2018-05-15,India,37277
2018-05-16,India,44927
2018-05-17,India,43556
2018-05-18,India,41628
2018-05-19,India,35171
2018-05-20,India,41693
2018-05-21,India,49416
2018-05-22,India,49581
2018-05-23,India,46799
2018-05-24,India,45970
2018-05-25,India,49812
2018-05-26,India,40284
2018-05-27,India,40909
2018-05-28,India,51109
2018-05-29,India,49191
2018-05-30,India,58406
2018-05-31,India,59718
2018-06-01,India,52163
2018-06-02,India,45674
2018-06-03,India,54123
2018-06-04,India,57800
2018-06-05,India,62079
2018-06-06,India,53231
2018-06-07,India,51914
2018-06-08,India,44758
2018-06-09,India,39539
2018-06-10,India,43069
2018-06-11,India,49606
2018-06-12,India,48612
2018-06-13,India,50099
2018-06-13,Sri Lanka,497
2018-06-14,India,43643
2018-06-15,India,35211
2018-06-16,India,34722
2018-06-17,India,41191
2018-06-18,India,47949
2018-06-19,India,57843
2018-06-20,India,53621
2018-06-21,India,44709
2018-06-22,India,39595
2018-06-23,India,39025
2018-06-24,India,49826
2018-06-25,India,47867
2018-06-25,Sri Lanka,535
2018-06-26,India,52269
2018-06-27,India,49686
2018-06-28,India,50405
2018-06-29,India,47184
2018-06-30,India,40045
2018-07-01,India,58363
2018-07-02,India,52077
2018-07-03,India,57975
2018-07-04,India,49769
2018-07-05,India,50841
2018-07-06,India,38502
2018-07-07,India,31051
2018-07-08,India,59486
2018-07-09,India,42976
2018-07-10,India,43499
2018-07-11,India,39409
2018-07-12,India,37083
2018-07-13,India,29127
2018-07-14,India,27726
2018-07-15,India,42232
2018-07-16,India,37610
2018-07-17,India,39607
2018-07-18,India,40294
2018-07-19,India,38550
2018-07-20,India,31927
2018-07-21,India,25665
2018-07-22,India,39257
2018-07-23,India,36969
2018-07-24,India,42974
2018-07-25,India,39571
2018-07-26,India,37667
2018-07-27,India,30463
2018-07-28,India,29558
2018-07-29,India,38559
2018-07-30,India,49677
2018-07-31,India,40972
2018-08-01,India,41773
2018-08-02,India,42228
2018-08-03,India,35897
2018-08-04,India,27103
2018-08-05,India,44531
2018-08-06,India,42192
2018-08-07,India,44505
2018-08-08,India,42325
2018-08-09,India,50248
2018-08-10,India,35625
2018-08-11,India,33619
2018-08-12,India,53964
2018-08-13,India,50082
2018-08-14,India,29320
2018-08-15,India,31039
2018-08-16,India,36171
2018-08-17,India,36487
2018-08-18,India,31605
2018-08-18,Sri Lanka,482
2018-08-19,India,48510
2018-08-20,India,47512
2018-08-21,India,33941
2018-08-22,India,51243
2018-08-23,India,43664
2018-08-24,India,36898
2018-08-25,India,24963
2018-08-26,India,31632
2018-08-27,India,49133
2018-08-28,India,56962
2018-08-29,India,55025
2018-08-30,India,59613
2018-08-31,India,54676
2018-09-01,India,32811
2018-09-02,India,46852
2018-09-03,India,56105
2018-09-04,India,46697
2018-09-05,India,45586
2018-09-06,India,54159
2018-09-07,India,48905
2018-09-08,India,39799
2018-09-09,India,56464
2018-09-10,India,63613
2018-09-11,India,60919
2018-09-12,India,41744
2018-09-13,India,46019
2018-09-14,India,54528
2018-09-15,India,44929
2018-09-16,India,58526
2018-09-17,India,57248
2018-09-18,India,61919
2018-09-19,India,57487
2018-09-20,India,55756
2018-09-21,India,60198
2018-09-22,India,39671
2018-09-23,India,59539
2018-09-24,India,62981
2018-09-25,India,64233
2018-09-26,India,66834
2018-09-27,India,65074
2018-09-28,India,55495
2018-09-29,India,44070
2018-09-30,India,65187
2018-10-01,India,48194
2018-10-02,India,74019
2018-10-03,India,61437
2018-10-04,India,69652
2018-10-05,India,55256
2018-10-06,India,42791
2018-10-07,India,58323
2018-10-08,India,63086
2018-10-09,India,81379
2018-10-10,India,67613
2018-10-11,India,68211
2018-10-12,India,62014
2018-10-13,India,46481
2018-10-14,India,58723
2018-10-15,India,56001
2018-10-16,India,50314
2018-10-17,India,37340
2018-10-18,India,30630
2018-10-19,India,51456
2018-10-20,India,54261
2018-10-21,India,80007
2018-10-22,India,76051
2018-10-23,India,68155
2018-10-24,India,69234
2018-10-25,India,73946
2018-10-26,India,57322
2018-10-27,India,38632
2018-10-28,India,86577
2018-10-29,India,63809
2018-10-30,India,63083
2018-10-31,India,66037
2018-11-01,India,82181
2018-11-02,India,59456
2018-11-03,India,39564
2018-11-04,India,60766
2018-11-05,India,35175
2018-11-06,India,31589
2018-11-07,India,24742
2018-11-08,India,53420
2018-11-09,India,47168
2018-11-10,India,50937
2018-11-11,India,70464
2018-11-12,India,67019
2018-11-13,India,68296
2018-11-14,India,67311
2018-11-15,India,72931
2018-11-16,India,69151
2018-11-17,India,59282
2018-11-18,India,121918
2018-11-19,India,88884
2018-11-20,India,66353
2018-11-21,India,80285
2018-11-22,India,58892
2018-11-23,India,62805
2018-11-24,India,50272
2018-11-25,India,77411
2018-11-26,India,85533
2018-11-27,India,85548
2018-11-28,India,76930
2018-11-29,India,75535
2018-11-30,India,65974
2018-12-01,India,47294
2018-12-02,India,65894
2018-12-03,India,73495
2018-12-04,India,83959
2018-12-05,India,76110
2018-12-06,India,75179
2018-12-07,India,63041
2018-12-08,India,53665
2018-12-09,India,74090
2018-12-10,India,74941
2018-12-11,India,72547
2018-12-12,India,64785
2018-12-13,India,66405
2018-12-14,India,79224
2018-12-15,India,46289
2018-12-16,India,65618
2018-12-17,India,67024
2018-12-18,India,66952
2018-12-19,India,69818
2018-12-20,India,64725
2018-12-21,India,51239
2018-12-22,India,40279
2018-12-23,India,55757
2018-12-24,India,47828
2018-12-25,India,49892
2018-12-26,India,64519
2018-12-27,India,65014
2018-12-28,India,60154
2018-12-29,India,47774
2018-12-30,India,60603
2018-12-31,India,48808
2019-01-01,India,52783
2019-01-02,India,79364
2019-01-03,India,81203
2019-01-04,India,75136
2019-01-05,India,56924
2019-01-06,India,83769
2019-01-07,India,75500
2019-01-08,India,77664
2019-01-09,India,78375
2019-01-10,India,70841
2019-01-11,India,62245
2019-01-12,India,57714
2019-01-13,India,64590
2019-01-14,India,61424
2019-01-15,India,63062
2019-01-16,India,76942
2019-01-17,India,92637
2019-01-18,India,73040
2019-01-19,India,57930
2019-01-20,India,84322
2019-01-21,India,75315
2019-01-22,India,76371
2019-01-23,India,73323
2019-01-24,India,72603
2019-01-25,India,37970
2019-01-26,India,30836
2019-01-27,India,65055
2019-01-28,India,65387
2019-01-29,India,67557
2019-01-30,India,76707
2019-01-31,India,74730
2019-02-01,India,63161
2019-02-02,India,48394
2019-02-03,India,74876
2019-02-04,India,74635
2019-02-05,India,77637
2019-02-06,India,75130
2019-02-07,India,71937
2019-02-08,India,53118
2019-02-09,India,43663
2019-02-10,India,54004
2019-02-11,India,64957
2019-02-12,India,74918
2019-02-13,India,74170
2019-02-14,India,68083
2019-02-15,India,55633
2019-02-16,India,40843
2019-02-17,India,60958
2019-02-18,India,52201
2019-02-19,India,67518
2019-02-20,India,66497
2019-02-21,India,63982
2019-02-22,India,60555
2019-02-23,India,49024
2019-02-24,India,58579
2019-02-25,India,63966
2019-02-26,India,63369
2019-02-27,India,65846
2019-02-28,India,58726
2019-03-01,India,45034
2019-03-02,India,30961
2019-03-03,India,33477
2019-03-04,India,42160
2019-03-05,India,47234
2019-03-06,India,51893
2019-03-07,India,50142
2019-03-08,India,38248
2019-03-09,India,35501
2019-03-10,India,50779
2019-03-11,India,48633
2019-03-12,India,53167
2019-03-13,India,47375
2019-03-14,India,50805
2019-03-15,India,47913
2019-03-16,India,40539
2019-03-17,India,47479
2019-03-18,India,44694
2019-03-19,India,42274
2019-03-20,India,23809
2019-03-21,India,22818
2019-03-22,India,27744
2019-03-23,India,27077
2019-03-24,India,42800
2019-03-25,India,43434
2019-03-26,India,42787
2019-03-27,India,44669
2019-03-28,India,44381
2019-03-29,India,39448
2019-03-30,India,33025
2019-03-31,India,27257
2019-04-01,India,34923
2019-04-02,India,40730
2019-04-03,India,36913
2019-04-04,India,37199
2019-04-05,India,26667
2019-04-06,India,21147
2019-04-07,India,29520
2019-04-08,India,41961
2019-04-09,India,35444
2019-04-10,India,31482
2019-04-11,India,31316
2019-04-12,India,25803
2019-04-13,India,16815
2019-04-14,India,25029
2019-04-15,India,30277
2019-04-16,India,27283
2019-04-17,India,26281
2019-04-18,India,21704
2019-04-19,India,22354
2019-04-20,India,20901
2019-04-21,India,23423
2019-04-22,India,33447
2019-04-23,India,31941
2019-04-24,India,36701
2019-04-25,India,36351
2019-04-26,India,31028
2019-04-27,India,21381
2019-04-28,India,24439
2019-04-29,India,27259
2019-04-30,India,32801
2019-05-01,India,34065
2019-05-02,India,36766
2019-05-03,India,35617
2019-05-04,India,28538
2019-05-05,India,35171
2019-05-06,India,38063
2019-05-07,India,41482
2019-05-08,India,39780
2019-05-09,India,40060
2019-05-10,India,38357
2019-05-11,India,31805
2019-05-12,India,28608
2019-05-13,India,39396
2019-05-14,India,46477
2019-05-15,India,48083
2019-05-16,India,46153
2019-05-17,India,49434
2019-05-18,India,35845
2019-05-19,India,36590
2019-05-20,India,47000
2019-05-21,India,50364
2019-05-22,India,51359
2019-05-23,India,43201
2019-05-24,India,47883
2019-05-25,India,44648
2019-05-26,India,45447
2019-05-27,India,55266
2019-05-28,India,55999
2019-05-29,India,59817
2019-05-30,India,54995
2019-05-31,India,53358
2019-06-01,India,53176
2019-06-02,India,54514
2019-06-03,India,61399
2019-06-04,India,58997
2019-06-05,India,57052
2019-06-06,India,56997
2019-06-07,India,53165
2019-06-08,India,50836
2019-06-09,India,52286
2019-06-10,India,57335
2019-06-11,India,58788
2019-06-12,India,58824
2019-06-13,India,55454
2019-06-14,India,52301
2019-06-15,India,47620
2019-06-16,India,48129
2019-06-17,India,55070
2019-06-18,India,62561
2019-06-19,India,60334
2019-06-20,India,58538
2019-06-21,India,53827
2019-06-22,India,48553
2019-06-23,India,60029
2019-06-24,India,61729
2019-06-25,India,65403
2019-06-26,India,65337
2019-06-27,India,57297
2019-06-28,India,54709
2019-06-29,India,49267
2019-06-30,India,65376
2019-07-01,India,54354
2019-07-02,India,51255
2019-07-03,India,52377
2019-07-04,India,50270
2019-07-05,India,44921
2019-07-06,India,32245
2019-07-07,India,58329
2019-07-08,India,51387
2019-07-09,India,48346
2019-07-10,India,46206
2019-07-11,India,47450
2019-07-12,India,37327
2019-07-13,India,37439
2019-07-14,India,50732
2019-07-15,India,44883
2019-07-16,India,44276
2019-07-17,India,44784
2019-07-18,India,46583
2019-07-19,India,40688
2019-07-20,India,29501
2019-07-21,India,52414
2019-07-22,India,45529
2019-07-23,India,42919
2019-07-24,India,47956
2019-07-25,India,46361
2019-07-26,India,38215
2019-07-27,India,30677
2019-07-28,India,40947
2019-07-29,India,42467
2019-07-30,India,45815
2019-07-31,India,43382
2019-08-01,India,41035
2019-08-02,India,35313
2019-08-03,India,26729
2019-08-04,India,37777
2019-08-05,India,38104
2019-08-06,India,43356
2019-08-07,India,42232
2019-08-08,India,38200
2019-08-09,India,31857
2019-08-10,India,27842
2019-08-11,India,31646
2019-08-12,India,52599
2019-08-13,India,46665
2019-08-14,India,21331
2019-08-15,India,20616
2019-08-16,India,34988
2019-08-17,India,34472
2019-08-18,India,55347
2019-08-19,India,58347
2019-08-20,India,63051
2019-08-21,India,58653
2019-08-22,India,50400
2019-08-23,India,43046
2019-08-24,India,39226
2019-08-25,India,62742
2019-08-26,India,60296
2019-08-27,India,67018
2019-08-28,India,68236
2019-08-29,India,68006
2019-08-30,India,55201
2019-08-31,India,34970
2019-09-01,India,55344
2019-09-02,India,46655
2019-09-03,India,59661
2019-09-04,India,50843
2019-09-05,India,43945
2019-09-06,India,47675
2019-09-07,India,38289
2019-09-08,India,55039
2019-09-09,India,40576
2019-09-10,India,60599
2019-09-11,India,47639
2019-09-12,India,58665
2019-09-13,India,53405
2019-09-14,India,47671
2019-09-15,India,78874
2019-09-16,India,73410
2019-09-17,India,66362
2019-09-18,India,73167
2019-09-19,India,76358
2019-09-20,India,68933
2019-09-21,India,57830
2019-09-22,India,69888
2019-09-23,India,76016
2019-09-24,India,118865
2019-09-24,Sri Lanka,507
2019-09-25,India,107599
2019-09-26,India,101295
2019-09-27,India,80999
2019-09-28,India,81126
2019-09-29,India,70492
2019-09-30,India,65818
2019-10-01,India,54569
2019-10-02,India,70448
2019-10-03,India,68196
2019-10-04,India,51156
2019-10-05,India,34119
2019-10-06,India,36479
2019-10-07,India,34391
2019-10-08,India,47677
2019-10-09,India,67371
2019-10-10,India,65728
2019-10-11,India,60919
2019-10-12,India,51346
2019-10-13,India,64288
2019-10-14,India,70170
2019-10-15,India,72137
2019-10-16,India,77452
2019-10-17,India,63709
2019-10-18,India,54265
2019-10-19,India,37414
2019-10-20,India,56449
2019-10-21,India,61704
2019-10-22,India,61045
2019-10-23,India,56257
2019-10-24,India,42828
2019-10-25,India,27172
2019-10-26,India,23395
2019-10-27,India,16873
2019-10-28,India,32489
2019-10-29,India,42077
2019-10-30,India,67549
2019-10-31,India,57948
2019-11-01,India,48758
2019-11-02,India,51595
2019-11-03,India,63730
2019-11-04,India,76340
2019-11-05,India,75568
2019-11-06,India,77528
2019-11-07,India,78110
2019-11-08,India,57481
2019-11-09,India,44141
2019-11-10,India,66273
2019-11-11,India,58006
2019-11-12,India,84413
2019-11-13,India,77214
2019-11-14,India,71304
2019-11-15,India,66825
2019-11-16,India,50354
2019-11-17,India,83476
2019-11-18,India,81971
2019-11-19,India,87452
2019-11-19,Sri Lanka,747
2019-11-20,India,81434
2019-11-20,Sri Lanka,525
2019-11-21,India,90425
2019-11-22,India,74100
2019-11-23,India,52211
2019-11-24,India,81238
2019-11-25,India,78831
2019-11-26,India,85808
2019-11-27,India,84829
2019-11-28,India,80173
2019-11-29,India,70063
2019-11-30,India,49153
2019-12-01,India,74312
2019-12-02,India,73829
2019-12-03,India,80209
2019-12-04,India,78037
2019-12-05,India,76148
2019-12-06,India,59817
2019-12-07,India,50070
2019-12-08,India,64434
2019-12-09,India,72780
2019-12-10,India,77869
2019-12-11,India,79490
2019-12-12,India,82834
2019-12-13,India,75291
2019-12-14,India,54797
2019-12-15,India,77699
2019-12-16,India,75450
2019-12-17,India,72611
2019-12-18,India,63694
2019-12-19,India,61520
2019-12-20,India,45362
2019-12-21,India,33278
2019-12-22,India,44535
2019-12-23,India,47233
2019-12-24,India,40201
2019-12-25,India,45246
2019-12-26,India,52460
2019-12-27,India,48327
2019-12-28,India,45481
2019-12-29,India,56979
2019-12-30,India,59410
2019-12-31,India,45335
2020-01-01,India,45325
2020-01-02,India,71255
2020-01-03,India,69320
2020-01-04,India,58204
2020-01-05,India,79595
2020-01-06,India,82542
2020-01-07,India,81035
2020-01-08,India,86902
2020-01-09,India,82264
2020-01-10,India,59451
2020-01-11,India,50067
2020-01-12,India,76636
2020-01-13,India,69126
2020-01-14,India,55261
2020-01-15,India,55705
2020-01-16,India,76386
2020-01-17,India,76687
2020-01-18,India,58463
2020-01-19,India,81539
2020-01-20,India,76773
2020-01-21,India,80345
2020-01-21,Nepal,1209
2020-01-22,India,80397
2020-01-23,India,74396
2020-01-24,India,61453
2020-01-25,India,42591
2020-01-26,India,49895
2020-01-27,India,72027
2020-01-28,India,69135
2020-01-29,India,68305
2020-01-30,India,61782
2020-01-31,India,56402
2020-02-01,India,44122
2020-02-02,India,66591
2020-02-03,India,72897
2020-02-04,India,77518
2020-02-05,India,72267
2020-02-06,India,77292
2020-02-07,India,55151
2020-02-08,India,47242
2020-02-09,India,66621
2020-02-10,India,74499
2020-02-11,India,74204
2020-02-12,India,74713
2020-02-13,India,79307
2020-02-14,India,62029
2020-02-15,India,47970
2020-02-16,India,61068
2020-02-17,India,69286
2020-02-18,India,63368
2020-02-19,India,76055
2020-02-20,India,48302
2020-02-21,India,38444
2020-02-22,India,38001
2020-02-23,India,52523
2020-02-24,India,61505
2020-02-25,India,63566
2020-02-26,India,65206
2020-02-27,India,73914
2020-02-28,India,59232
2020-02-29,India,38904
2020-03-01,India,48284
2020-03-02,India,57933
2020-03-03,India,60688
2020-03-04,India,62803
2020-03-05,India,55240
2020-03-06,India,44871
2020-03-07,India,30465
2020-03-08,India,38300
2020-03-09,India,29535
2020-03-10,India,29198
2020-03-11,India,41107
2020-03-12,India,44010
2020-03-13,India,39479
2020-03-14,India,30885
2020-03-15,India,32458
2020-03-16,India,26854
2020-03-17,India,21807
2020-03-18,India,18305
2020-03-19,India,17128
2020-03-20,India,11922
2020-03-21,India,16323
2020-03-22,India,13708
2020-03-23,India,13040
2020-03-24,India,13979
2020-03-25,India,11307
2020-03-26,India,13488
2020-03-27,India,17804
2020-03-28,India,23376
2020-03-29,India,15564
2020-03-30,India,16753
2020-03-31,India,15235
2020-04-01,India,17533
2020-04-02,India,16770
2020-04-03,India,33416
2020-04-04,India,37859
2020-04-05,India,30315
2020-04-06,India,22855
2020-04-07,India,18288
2020-04-08,India,18411
2020-04-09,India,19669
2020-04-10,India,17334
2020-04-11,India,17669
2020-04-12,India,14867
2020-04-13,India,18301
2020-04-14,India,17571
2020-04-15,India,18910
2020-04-16,India,17905
2020-04-17,India,17627
2020-04-18,India,20001
2020-04-19,India,22554
2020-04-20,India,23499
2020-04-21,India,24841
2020-04-22,India,29997
2020-04-23,India,24586
2020-04-24,India,22531
2020-04-25,India,20413
2020-04-26,India,21021
2020-04-27,India,36946
2020-04-28,India,22430
2020-04-29,India,22714
2020-04-30,India,26181
2020-05-01,India,19208
2020-05-02,India,18899
2020-05-03,India,16484
2020-05-04,India,18109
2020-05-05,India,18841
2020-05-06,India,18769
2020-05-07,India,23091
2020-05-08,India,21932
2020-05-09,India,18623
2020-05-10,India,14847
2020-05-11,India,19453
2020-05-12,India,18330
2020-05-13,India,21622
2020-05-14,India,24962
2020-05-15,India,23771
2020-05-16,India,23299
2020-05-17,India,17015
2020-05-18,India,19868
2020-05-19,India,23297
2020-05-20,India,22649
2020-05-21,India,21210
2020-05-22,India,22771
2020-05-23,India,20699
2020-05-24,India,17150
2020-05-25,India,24598
2020-05-26,India,24061
2020-05-27,India,24487
2020-05-28,India,23977
2020-05-29,India,20931
2020-05-30,India,21021
2020-05-31,India,19183
2020-06-01,India,22762
2020-06-02,India,29853
2020-06-03,India,33204
2020-06-04,India,35530
2020-06-05,India,59217
2020-06-06,India,33905
2020-06-07,India,23791
2020-06-08,India,25259
2020-06-09,India,24198
2020-06-10,India,26292
2020-06-11,India,21978
2020-06-12,India,22826
2020-06-13,India,22232
2020-06-14,India,14813
2020-06-15,India,19483
2020-06-16,India,18709
2020-06-17,India,18034
2020-06-18,India,23117
2020-06-19,India,19793
2020-06-20,India,17770
2020-06-21,India,16456
2020-06-22,India,19020
2020-06-23,India,22414
2020-06-24,India,21994
2020-06-25,India,32682
2020-06-26,India,45878
2020-06-27,India,44801
2020-06-28,India,35981
2020-06-29,India,34061
2020-06-30,India,30882
2020-07-01,India,27069
2020-07-02,India,29463
2020-07-03,India,25589
2020-07-04,India,25067
2020-07-05,India,21002
2020-07-06,India,23967
2020-07-07,India,24859
2020-07-08,India,23797
2020-07-09,India,23982
2020-07-10,India,25408
2020-07-11,India,21062
2020-07-12,India,17006
2020-07-13,India,18575
2020-07-14,India,19135
2020-07-15,India,25301
2020-07-16,India,28472
2020-07-17,India,17062
2020-07-18,India,17175
2020-07-19,India,13755
2020-07-20,India,19104
2020-07-21,India,19893
2020-07-22,India,22478
2020-07-23,India,24772
2020-07-24,India,23506
2020-07-25,India,19164
2020-07-26,India,18595
2020-07-27,India,20606
2020-07-28,India,21430
2020-07-29,India,19887
2020-07-30,India,17527
2020-07-31,India,16362
2020-08-01,India,14183
2020-08-02,India,10509
2020-08-03,India,8416
2020-08-04,India,18812
2020-08-05,India,20165
2020-08-06,India,25623
2020-08-07,India,23778
2020-08-08,India,23435
2020-08-09,India,25236
2020-08-10,India,27755
2020-08-11,India,22917
2020-08-12,India,20327
2020-08-13,India,25211
2020-08-14,India,20113
2020-08-15,India,12522
2020-08-16,India,19764
2020-08-17,India,25746
2020-08-18,India,26741
2020-08-19,India,31537
2020-08-20,India,28353
2020-08-21,India,28851
2020-08-22,India,17669
2020-08-23,India,19539
2020-08-24,India,27559
2020-08-25,India,37748
2020-08-26,India,35182
2020-08-27,India,26368
2020-08-28,India,28611
2020-08-29,India,24968
2020-08-30,India,19851
2020-08-31,India,22109
2020-09-01,India,21534
2020-09-02,India,30264
2020-09-03,India,30674
2020-09-04,India,28847
2020-09-05,India,16327
2020-09-06,India,20184
2020-09-07,India,32972
2020-09-08,India,42692
2020-09-09,India,31100
2020-09-10,India,33235
2020-09-11,India,34387
2020-09-12,India,34175
2020-09-13,India,35542
2020-09-14,India,43860
2020-09-15,India,46718
2020-09-16,India,58085
2020-09-17,India,38882
2020-09-18,India,37891
2020-09-19,India,35464
2020-09-20,India,43461
2020-09-21,India,52203
2020-09-22,India,45544
2020-09-23,India,54895
2020-09-24,India,53526
2020-09-25,India,48625
2020-09-26,India,45089
2020-09-27,India,30920
2020-09-28,India,49169
2020-09-29,India,50138
2020-09-30,India,45516
2020-10-01,India,39617
2020-10-02,India,27274
2020-10-03,India,46454
2020-10-04,India,35971
2020-10-05,India,41901
2020-10-06,India,43857
2020-10-07,India,48275
2020-10-08,India,60395
2020-10-09,India,44181
2020-10-10,India,39223
2020-10-11,India,33629
2020-10-12,India,50602
2020-10-13,India,41175
2020-10-14,India,45107
2020-10-15,India,93763
2020-10-16,India,37547
2020-10-17,India,32647
2020-10-18,India,23427
2020-10-19,India,39740
2020-10-20,India,37356
2020-10-21,India,34416
2020-10-22,India,36994
2020-10-23,India,24487
2020-10-24,India,15847
2020-10-25,India,9790
2020-10-26,India,22038
2020-10-27,India,26862
2020-10-28,India,29027
2020-10-29,India,27618
2020-10-30,India,23101
2020-10-31,India,22244
2020-11-01,India,22074
2020-11-02,India,31311
2020-11-03,India,28420
2020-11-04,India,30504
2020-11-05,India,35205
2020-11-06,India,42605
2020-11-07,India,33314
2020-11-08,India,27843
2020-11-09,India,38668
2020-11-09,Nepal,804
2020-11-10,India,28468
2020-11-11,India,32574
2020-11-12,India,29119
2020-11-13,India,10153
2020-11-14,India,3238
2020-11-15,India,12643
2020-11-16,India,19588
2020-11-17,India,23445
2020-11-18,India,26893
2020-11-19,India,29312
2020-11-20,India,40905
2020-11-21,India,30253
2020-11-22,India,23727
2020-11-23,India,31256
2020-11-24,India,42542
2020-11-25,India,36511
2020-11-26,India,37371
2020-11-27,India,32829
2020-11-28,India,30563
2020-11-29,India,21429
2020-11-30,India,29434
2020-12-01,India,35554
2020-12-02,India,36592
2020-12-03,India,55334
2020-12-04,India,35812
2020-12-05,India,30466
2020-12-06,India,29387
2020-12-07,India,38114
2020-12-07,Nepal,466
2020-12-08,India,31052
2020-12-09,India,35074
2020-12-10,India,48094
2020-12-11,India,41520
2020-12-12,India,32072
2020-12-13,India,29477
2020-12-14,India,47604
2020-12-15,India,49048
2020-12-16,India,54974
2020-12-17,India,53507
2020-12-18,India,47236
2020-12-19,India,34563
2020-12-20,India,29887
2020-12-21,India,45289
2020-12-22,India,51260
2020-12-23,India,48441
2020-12-24,India,34783
2020-12-25,India,22411
2020-12-26,India,31842
2020-12-27,India,26454
2020-12-28,India,39306
2020-12-29,India,45014
2020-12-30,India,40002
2020-12-31,India,30537
2021-01-01,India,16592
2021-01-02,India,31704
2021-01-03,India,35334
2021-01-04,India,43982
2021-01-05,India,49520
2021-01-06,India,46573
2021-01-07,India,49337
2021-01-08,India,46238
2021-01-09,India,44369
2021-01-10,India,44139
2021-01-11,India,46979
2021-01-12,India,40266
2021-01-13,India,65944
2021-01-14,India,29575
2021-01-15,India,39108
2021-01-16,India,30837
2021-01-17,India,27585
2021-01-18,India,42859
2021-01-19,India,56606
2021-01-20,India,50065
2021-01-21,India,50524
2021-01-21,Sri Lanka,531
2021-01-22,India,51052
2021-01-23,India,44365
2021-01-24,India,39700
2021-01-24,Sri Lanka,458
2021-01-25,India,39111
2021-01-26,India,28511
2021-01-27,India,49914
2021-01-28,India,48781
2021-01-29,India,48712
2021-01-30,India,37207
2021-01-31,India,39771
2021-02-01,India,48030
2021-02-02,India,51705
2021-02-03,India,74241
2021-02-04,India,124364
2021-02-05,India,99109
2021-02-06,India,64230
2021-02-07,India,85916
2021-02-08,India,76869
2021-02-09,India,66991
2021-02-10,India,62859
2021-02-11,India,59467
2021-02-12,India,53043
2021-02-13,India,44749
2021-02-14,India,49222
2021-02-15,India,87693
2021-02-16,India,90830
2021-02-17,India,93656
2021-02-18,India,79776
2021-02-19,India,73943
2021-02-20,India,59889
2021-02-21,India,58629
2021-02-22,India,70207
2021-02-23,India,74161
2021-02-24,India,75070
2021-02-25,India,71868
2021-02-26,India,69881
2021-02-27,India,46453
2021-02-28,India,52994
2021-03-01,India,60691
2021-03-02,India,67411
2021-03-03,India,65781
2021-03-04,India,67639
2021-03-05,India,64697
2021-03-06,India,52772
2021-03-07,India,54642
2021-03-08,India,67873
2021-03-09,India,64577
2021-03-10,India,51821
2021-03-11,India,41450
2021-03-12,India,51547
2021-03-13,India,49906
2021-03-14,India,50557
2021-03-15,India,87701
2021-03-16,India,57108
2021-03-17,India,60585
2021-03-18,India,61982
2021-03-19,India,67546
2021-03-20,India,58284
2021-03-21,India,57286
2021-03-22,India,64802
2021-03-23,India,62734
2021-03-24,India,56148
2021-03-25,India,63293
2021-03-26,India,49437
2021-03-27,India,38688
2021-03-28,India,21113
2021-03-29,India,27428
2021-03-30,India,42639
2021-03-31,India,38894
2021-04-01,India,34007
2021-04-02,India,28633
2021-04-03,India,34037
2021-04-04,India,28089
2021-04-05,India,39744
2021-04-06,India,37113
2021-04-07,India,41680
2021-04-08,India,41425
2021-04-09,India,39129
2021-04-10,India,26511
2021-04-11,India,22721
2021-04-12,India,29801
2021-04-13,India,22627
2021-04-14,India,21643
2021-04-15,India,26323
2021-04-16,India,22125
2021-04-17,India,26729
2021-04-18,India,20527
2021-04-19,India,21468
2021-04-20,India,19206
2021-04-21,India,14865
2021-04-22,India,25824
2021-04-23,India,19123
2021-04-24,India,17292
2021-04-25,India,16020
2021-04-26,India,12967
2021-04-27,India,14667
2021-04-28,India,19615
2021-04-29,India,20152
2021-04-30,India,20723
2021-05-01,India,12358
2021-05-02,India,13322
2021-05-03,India,19030
2021-05-04,India,20298
2021-05-05,India,19926
2021-05-06,India,21470
2021-05-07,India,22724
2021-05-08,India,18263
2021-05-09,India,14321
2021-05-10,India,22325
2021-05-11,India,18675
2021-05-12,India,20399
2021-05-13,India,17413
2021-05-14,India,21895
2021-05-15,India,23189
2021-05-16,India,14932
2021-05-17,India,26220
2021-05-18,India,26777
2021-05-19,India,26277
2021-05-20,India,32035
2021-05-21,India,28669
2021-05-22,India,26796
2021-05-23,India,20585
2021-05-24,India,27305
2021-05-25,India,27887
2021-05-26,India,24139
2021-05-27,India,35678
2021-05-28,India,29670
2021-05-29,India,30566
2021-05-30,India,27393
2021-05-31,India,38677
2021-06-01,India,39518
2021-06-02,India,47233
2021-06-03,India,56409
2021-06-04,India,59379
2021-06-05,India,79523
2021-06-06,India,37575
2021-06-07,India,43592
2021-06-08,India,36583
2021-06-09,India,40119
2021-06-10,India,39796
2021-06-11,India,40702
2021-06-12,India,38017
2021-06-13,India,35861
2021-06-14,India,41279
2021-06-15,India,70437
2021-06-16,India,60839
2021-06-17,India,53101
2021-06-18,India,48317
2021-06-19,India,51527
2021-06-20,India,32972
2021-06-21,India,43406
2021-06-22,India,46695
2021-06-23,India,44381
2021-06-24,India,47447
2021-06-25,India,43496
2021-06-25,Nepal,591
2021-06-26,India,32818
2021-06-27,India,26808
2021-06-28,India,34638
2021-06-29,India,38365
2021-06-30,India,44658
2021-07-01,India,55614
2021-07-02,India,35409
2021-07-03,India,33449
2021-07-04,India,32667
2021-07-05,India,66445
2021-07-06,India,47222
2021-07-07,India,56577
2021-07-08,India,80856
2021-07-09,India,60100
2021-07-10,India,55781
2021-07-11,India,44097
2021-07-12,India,56742
2021-07-13,India,52120
2021-07-14,India,59340
2021-07-15,India,52932
2021-07-16,India,52750
2021-07-17,India,48261
2021-07-18,India,36250
2021-07-19,India,49815
2021-07-20,India,46284
2021-07-21,India,43171
2021-07-22,India,59756
2021-07-23,India,49571
2021-07-24,India,39733
2021-07-25,India,38624
2021-07-26,India,38384
2021-07-27,India,43541
2021-07-28,India,46496
2021-07-29,India,55720
2021-07-30,India,42805
2021-07-31,India,31670
2021-08-01,India,22223
2021-08-02,India,39028
2021-08-03,India,34056
2021-08-04,India,41034
2021-08-05,India,37407
2021-08-06,India,33588
2021-08-06,Nepal,608
2021-08-07,India,28654
2021-08-08,India,27694
2021-08-09,India,47498
2021-08-10,India,54719
2021-08-11,India,44735
2021-08-12,India,75846
2021-08-13,India,77950
2021-08-14,India,38231
2021-08-15,India,25744
2021-08-16,India,42081
2021-08-17,India,58902
2021-08-18,India,49183
2021-08-19,India,40342
2021-08-20,India,47424
2021-08-21,India,27171
2021-08-22,India,15966
2021-08-23,India,34289
2021-08-24,India,68662
2021-08-25,India,48163
2021-08-26,India,46597
2021-08-27,India,40211
2021-08-28,India,37910
2021-08-29,India,37593
2021-08-30,India,31738
2021-08-31,India,36028
2021-09-01,India,56559
2021-09-02,India,46064
2021-09-03,India,36011
2021-09-04,India,34409
2021-09-05,India,31174
2021-09-06,India,43963
2021-09-07,India,53617
2021-09-08,India,38660
2021-09-09,India,48925
2021-09-10,India,24638
2021-09-11,India,42129
2021-09-12,India,37920
2021-09-13,India,45128
2021-09-14,India,60627
2021-09-15,India,60842
2021-09-16,India,51937
2021-09-17,India,58521
2021-09-18,India,31037
2021-09-19,India,46004
2021-09-20,India,48580
2021-09-21,India,54621
2021-09-22,India,53350
2021-09-23,India,49277
2021-09-24,India,52163
2021-09-25,India,42648
2021-09-26,India,50276
2021-09-27,India,61965
2021-09-28,India,61695
2021-09-29,India,59008
2021-09-30,India,50154
2021-10-01,India,45358
2021-10-02,India,37775
2021-10-03,India,44516
2021-10-04,India,45035
2021-10-05,India,62512
2021-10-06,India,51360
2021-10-07,India,50542
2021-10-08,India,46438
2021-10-09,India,48408
2021-10-10,India,50482
2021-10-11,India,48691
2021-10-12,India,47651
2021-10-13,India,39484
2021-10-14,India,32084
2021-10-15,India,29278
2021-10-16,India,41975
2021-10-17,India,59254
2021-10-18,India,51475
2021-10-19,India,58215
2021-10-20,India,54715
2021-10-21,India,58226
2021-10-22,India,57798
2021-10-23,India,44396
2021-10-24,India,55474
2021-10-25,India,63535
2021-10-26,India,62061
2021-10-27,India,54655
2021-10-28,India,53883
2021-10-29,India,50333
2021-10-30,India,35602
2021-10-31,India,48451
2021-11-01,India,51401
2021-11-02,India,53456
2021-11-03,India,28253
2021-11-04,India,13637
2021-11-05,India,25631
2021-11-06,India,27997
2021-11-07,India,37617
2021-11-08,India,38648
2021-11-09,India,43731
2021-11-10,India,41986
2021-11-11,India,38368
2021-11-12,India,39979
2021-11-13,India,36369
2021-11-14,India,44480
2021-11-15,India,47545
2021-11-16,India,49082
2021-11-17,India,49104
2021-11-18,India,41860
2021-11-19,India,37572
2021-11-20,India,35167
2021-11-21,India,40457
2021-11-22,India,41333
2021-11-23,India,59060
2021-11-24,India,46253
2021-11-25,India,45790
2021-11-26,India,40692
2021-11-27,India,37565
2021-11-28,India,36221
2021-11-29,India,39485
2021-11-30,India,51274
2021-12-01,India,44542
2021-12-02,India,57675
2021-12-03,India,40361
2021-12-04,India,32547
2021-12-05,India,45002
2021-12-06,India,48351
2021-12-07,India,49422
2021-12-08,India,44918
2021-12-09,India,47180
2021-12-10,India,45834
2021-12-11,India,32721
2021-12-12,India,42718
2021-12-13,India,46455
2021-12-14,India,58734
2021-12-15,India,53632
2021-12-16,India,49797
2021-12-17,India,47663
2021-12-18,India,37659
2021-12-19,India,40714
2021-12-20,India,49318
2021-12-21,India,53531
2021-12-22,India,48804
2021-12-23,India,46867
2021-12-24,India,32651
2021-12-25,India,29030
2021-12-26,India,40804
2021-12-27,India,51571
2021-12-28,India,55976
2021-12-29,India,54347
2021-12-30,India,53777
2021-12-31,India,36579
2022-01-01,India,30108
2022-01-02,India,60446
2022-01-03,India,56711
2022-01-04,India,67949
2022-01-05,India,66163
2022-01-06,India,61601
2022-01-07,India,48633
2022-01-08,India,45654
2022-01-09,India,54119
2022-01-10,India,54141
2022-01-11,India,52510
2022-01-12,India,56216
2022-01-13,India,49470
2022-01-14,India,34724
2022-01-15,India,33916
2022-01-16,India,38215
2022-01-17,India,42475
2022-01-18,India,46855
2022-01-19,India,54610
2022-01-20,India,47518
2022-01-21,India,48459
2022-01-22,India,49101
2022-01-23,India,49441
2022-01-24,India,49535
2022-01-25,India,38693
2022-01-26,India,28466
2022-01-27,India,48922
2022-01-28,India,48307
2022-01-29,India,41965
2022-01-30,India,38005
2022-01-31,India,62541
2022-02-01,India,67756
2022-02-02,India,55217
2022-02-03,India,58763
2022-02-04,India,52429
2022-02-05,India,34950
2022-02-06,India,37924
2022-02-07,India,47565
2022-02-08,India,57695
2022-02-09,India,54773
2022-02-10,India,57677
2022-02-11,India,54424
2022-02-12,India,43835
2022-02-13,India,50958
2022-02-14,India,61102
2022-02-15,India,59204
2022-02-16,India,58141
2022-02-17,India,55606
2022-02-18,India,56024
2022-02-19,India,48482
2022-02-20,India,58098
2022-02-21,India,58466
2022-02-22,India,63610
2022-02-23,India,72197
2022-02-24,India,78865
2022-02-25,India,68601
2022-02-26,India,52120
2022-02-27,India,62276
2022-02-28,India,67608
2022-03-01,India,47472
2022-03-02,India,62751
2022-03-03,India,56751
2022-03-04,India,55009
2022-03-05,India,41937
2022-03-06,India,51121
2022-03-07,India,54719
2022-03-08,India,52152
2022-03-09,India,56868
2022-03-10,India,53538
2022-03-11,India,44898
2022-03-12,India,31351
2022-03-13,India,36042
2022-03-14,India,47315
2022-03-15,India,36088
2022-03-16,India,40602
2022-03-17,India,20265
2022-03-18,India,13644
2022-03-19,India,17444
2022-03-20,India,29470
2022-03-21,India,67441
2022-03-22,India,40534
2022-03-23,India,36862
2022-03-24,India,41161
2022-03-25,India,32561
2022-03-26,India,32024
2022-03-27,India,32191
2022-03-28,India,31680
2022-03-29,India,35045
2022-03-30,India,41186
2022-03-31,India,30005
2022-04-01,India,23238
2022-04-02,India,19722
2022-04-03,India,25287
2022-04-04,India,30359
2022-04-05,India,34377
2022-04-06,India,29244
2022-04-07,India,37234
2022-04-08,India,39714
2022-04-09,India,25489
2022-04-10,India,25626
2022-04-11,India,31183
2022-04-12,India,30944
2022-04-13,India,17461
2022-04-14,India,10973
2022-04-15,India,13233
2022-04-16,India,49447
2022-04-17,India,16413
2022-04-18,India,23967
2022-04-19,India,28545
2022-04-20,India,25003
2022-04-21,India,60980
2022-04-21,Sri Lanka,1312
2022-04-22,India,108024
2022-04-22,Nepal,7964
2022-04-22,Sri Lanka,14184
2022-04-23,India,20940
2022-04-24,India,20142
2022-04-25,India,25369
2022-04-26,India,30721
2022-04-27,India,28676
2022-04-28,India,28777
2022-04-29,India,27396
2022-04-30,India,24250
2022-05-01,India,22641
2022-05-02,India,18810
2022-05-03,India,21986
2022-05-04,India,23867
2022-05-05,India,27248
2022-05-06,India,33303
2022-05-07,India,19874
2022-05-08,India,21707
2022-05-08,Sri Lanka,1672
2022-05-09,India,27348
2022-05-10,India,27210
2022-05-11,India,28158
2022-05-12,India,42410
2022-05-13,India,25965
2022-05-14,India,18582
2022-05-15,India,16415
2022-05-16,India,27316
2022-05-17,India,34080
2022-05-18,India,34334
2022-05-19,India,32208
2022-05-20,India,29396
2022-05-21,India,34613
2022-05-22,India,31018
2022-05-23,India,30810
2022-05-24,India,37396
2022-05-25,India,38170
2022-05-26,India,40445
2022-05-27,India,33012
2022-05-28,India,27383
2022-05-29,India,26333
2022-05-30,India,37666
2022-05-31,India,34242
2022-06-01,India,38604
2022-06-02,India,38391
2022-06-03,India,37333
2022-06-04,India,31035
2022-06-05,India,42946
2022-06-06,India,41321
2022-06-07,India,38972
2022-06-08,India,36216
2022-06-09,India,36176
2022-06-10,India,30194
2022-06-11,India,27785
2022-06-12,India,35916
2022-06-13,India,36504
2022-06-14,India,40837
2022-06-15,India,35953
2022-06-16,India,35044
2022-06-17,India,32164
2022-06-18,India,28571
2022-06-19,India,33108
2022-06-20,India,36865
2022-06-21,India,34871
2022-06-22,India,37501
2022-06-23,India,38752
2022-06-24,India,37484
2022-06-25,India,41408
2022-06-26,India,36959
2022-06-27,India,33906
2022-06-28,India,36649
2022-06-29,India,35606
2022-06-30,India,34857
2022-07-01,India,25412
2022-07-02,India,25576
2022-07-03,India,36630
2022-07-04,India,50630
2022-07-05,India,26083
2022-07-06,India,24962
2022-07-07,India,26002
2022-07-08,India,18263
2022-07-09,India,18493
2022-07-10,India,23979
2022-07-11,India,26112
2022-07-12,India,27963
2022-07-13,India,21999
2022-07-14,India,27193
2022-07-15,India,22479
2022-07-16,India,19368
2022-07-17,India,23421
2022-07-18,India,25279
2022-07-19,India,27307
2022-07-20,India,30970
2022-07-21,India,29196
2022-07-22,India,28787
2022-07-23,India,24924
2022-07-24,India,29309
2022-07-25,India,33655
2022-07-26,India,30357
2022-07-27,India,32560
2022-07-28,India,31908
2022-07-29,India,25624
2022-07-30,India,19707
2022-07-31,India,34334
2022-08-01,India,28583
2022-08-02,India,31684
2022-08-03,India,32512
2022-08-04,India,35317
2022-08-05,India,35768
2022-08-06,India,32045
2022-08-07,India,37815
2022-08-08,India,16223
2022-08-09,India,29224
2022-08-10,India,18394
2022-08-11,India,13117
2022-08-12,India,13779
2022-08-13,India,15376
2022-08-14,India,18518
2022-08-15,India,16718
2022-08-16,India,28234
2022-08-17,India,27906
2022-08-18,India,22813
2022-08-19,India,21987
2022-08-20,India,19347
2022-08-21,India,30725
2022-08-22,India,29844
2022-08-23,India,64187
2022-08-24,India,35347
2022-08-25,India,33845
2022-08-26,India,31297
2022-08-27,India,31027
2022-08-28,India,42130
2022-08-29,India,35454
2022-08-30,India,33927
2022-08-31,India,34219
2022-09-01,India,37212
2022-09-02,India,38438
2022-09-03,India,28556
2022-09-04,India,30246
2022-09-05,India,29154
2022-09-06,India,38369
2022-09-07,India,43313
2022-09-08,India,38320
2022-09-09,India,34319
2022-09-10,India,36960
2022-09-11,India,57267
2022-09-12,India,48373
2022-09-13,India,54201
2022-09-14,India,52047
2022-09-15,India,55066
2022-09-16,India,50227
2022-09-17,India,36364
2022-09-18,India,53047
2022-09-19,India,49206
2022-09-20,India,50579
2022-09-21,India,53411
2022-09-22,India,47048
2022-09-23,India,39976
2022-09-24,India,35286
2022-09-25,India,43607
2022-09-26,India,43070
2022-09-27,India,50197
2022-09-28,India,41835
2022-09-29,India,41327
2022-09-30,India,33373
2022-10-01,India,26316
2022-10-02,India,25623
2022-10-03,India,26916
2022-10-04,India,25813
2022-10-05,India,33022
2022-10-06,India,42446
2022-10-07,India,39577
2022-10-08,India,39373
2022-10-09,India,48039
2022-10-10,India,43260
2022-10-11,India,51376
2022-10-12,India,51476
2022-10-13,India,41088
2022-10-14,India,36020
2022-10-15,India,36468
2022-10-16,India,51323
2022-10-17,India,45366
2022-10-18,India,40139
2022-10-19,India,32896
2022-10-20,India,38421
2022-10-21,India,27368
2022-10-22,India,19390
2022-10-23,India,19299
2022-10-24,India,13758
2022-10-25,India,31281
2022-10-26,India,35259
2022-10-27,India,36412
2022-10-28,India,37513
2022-10-29,India,34772
2022-10-30,India,44077
2022-10-31,India,50818
2022-11-01,India,49883
2022-11-02,India,48614
2022-11-03,India,51387
2022-11-04,India,44232
2022-11-05,India,38097
2022-11-06,India,55426
2022-11-07,India,46385
2022-11-08,India,61808
2022-11-09,India,56113
2022-11-10,India,51938
2022-11-11,India,45155
2022-11-12,India,36893
2022-11-13,India,49578
2022-11-14,India,44597
2022-11-15,India,53557
2022-11-16,India,57206
2022-11-17,India,58733
2022-11-18,India,45691
2022-11-19,India,40346
2022-11-20,India,49525
2022-11-21,India,53063
2022-11-22,India,56956
2022-11-23,India,59820
2022-11-24,India,59522
2022-11-25,India,48116
2022-11-26,India,45478
2022-11-27,India,52960
2022-11-28,India,52456
2022-11-29,India,59452
2022-11-30,India,59092
2022-12-01,India,56665
2022-12-02,India,35148
2022-12-03,India,22607
2022-12-04,India,32012
2022-12-05,India,36497
2022-12-06,India,39000
2022-12-07,India,32158
2022-12-08,India,30525
2022-12-09,India,28933
2022-12-10,India,28643
2022-12-11,India,43923
2022-12-12,India,42809
2022-12-13,India,49835
2022-12-14,India,49252
2022-12-15,India,44716
2022-12-16,India,39625
2022-12-17,India,29760
2022-12-18,India,38289
2022-12-19,India,40748
2022-12-20,India,41284
2022-12-21,India,40216
2022-12-22,India,36187
2022-12-23,India,47164
2022-12-24,India,24110
2022-12-25,India,24384
2022-12-26,India,41369
2022-12-27,India,37422
2022-12-28,India,40681
2022-12-29,India,50950
2022-12-30,India,49196
2022-12-31,India,30715
2023-01-01,India,30068
2023-01-02,India,47097
2023-01-03,India,49296
2023-01-04,India,49545
2023-01-05,India,47903
2023-01-06,India,38802
2023-01-07,India,32149
2023-01-08,India,40598
2023-01-09,India,45671
2023-01-10,India,44385
2023-01-11,India,42784
2023-01-12,India,41121
2023-01-13,India,31685
2023-01-14,India,27592
2023-01-15,India,34861
2023-01-16,India,48073
2023-01-17,India,57781
2023-01-18,India,59043
2023-01-19,India,60356
2023-01-20,India,48826
2023-01-21,India,34603
2023-01-22,India,67820
2023-01-23,India,52167
2023-01-24,India,46171
2023-01-25,India,30142
2023-01-26,India,28195
2023-01-27,India,36052
2023-01-28,India,36706
2023-01-29,India,48457
2023-01-30,India,54886
2023-01-31,India,53625
2023-02-01,India,59792
2023-02-02,India,59694
2023-02-03,India,48847
2023-02-04,India,36012
2023-02-05,India,52318
2023-02-06,India,39581
2023-02-06,Sri Lanka,220
2023-02-07,India,82628
2023-02-08,India,82570
2023-02-09,India,84111
2023-02-09,Sri Lanka,96
2023-02-10,India,68154
2023-02-11,India,61053
2023-02-12,India,77396
2023-02-13,India,83871
2023-02-14,India,79876
2023-02-15,India,80512
2023-02-16,India,80622
2023-02-16,Sri Lanka,140
2023-02-17,India,58841
2023-02-17,Sri Lanka,97
2023-02-18,India,52272
2023-02-19,India,68919
2023-02-19,Nepal,98
2023-02-19,Sri Lanka,463
2023-02-20,India,78583
2023-02-20,Nepal,116
2023-02-21,India,82665
2023-02-22,India,76220
2023-02-22,Sri Lanka,143
2023-02-23,India,81420
2023-02-24,India,77212
2023-02-25,India,67712
2023-02-26,India,73537
2023-02-27,India,86982
2023-02-28,India,83372
2023-03-01,India,74291
2023-03-02,India,77923
2023-03-02,Nepal,97
2023-03-03,India,70715
2023-03-04,India,55176
2023-03-05,India,60333
2023-03-06,India,58655
2023-03-07,India,45678
2023-03-07,Nepal,118
2023-03-08,India,50510
2023-03-09,India,59210
2023-03-09,Nepal,90
2023-03-10,India,57135
2023-03-10,Nepal,94
2023-03-11,India,51429
2023-03-12,India,55426
2023-03-12,Nepal,90
2023-03-13,India,63499
2023-03-14,India,76948
2023-03-15,India,76711
2023-03-16,India,71641
2023-03-16,Nepal,253
2023-03-16,Sri Lanka,153
2023-03-17,India,67107
2023-03-17,Nepal,329
2023-03-17,Sri Lanka,139
2023-03-18,India,167448
2023-03-18,Nepal,208
2023-03-18,Sri Lanka,90
2023-03-19,India,160115
2023-03-19,Nepal,95
2023-03-20,India,130221
2023-03-21,India,92763
2023-03-22,India,75992
2023-03-22,Nepal,121
2023-03-23,India,71241
2023-03-23,Nepal,139
2023-03-24,India,71383
2023-03-24,Nepal,118
2023-03-25,India,68003
2023-03-26,India,61367
2023-03-27,India,69593
2023-03-28,India,66808
2023-03-29,India,57672
2023-03-30,India,52289
2023-03-31,India,52448
2023-04-01,India,49123
2023-04-02,India,54430
2023-04-02,Sri Lanka,157
2023-04-03,India,51743
2023-04-04,India,51318
2023-04-04,Nepal,92
2023-04-05,India,32921
2023-04-06,India,25555
2023-04-06,Nepal,188
2023-04-07,India,25520
2023-04-07,Nepal,140
2023-04-08,India,24510
2023-04-09,India,27540
2023-04-10,India,32165
2023-04-11,India,37075
2023-04-12,India,35925
2023-04-13,India,27657
2023-04-14,India,26353
2023-04-15,India,25768
2023-04-16,India,25883
2023-04-17,India,36084
2023-04-17,Sri Lanka,98
2023-04-18,India,36031
2023-04-18,Sri Lanka,101
2023-04-19,India,39121
2023-04-19,Sri Lanka,167
2023-04-20,India,76229
2023-04-20,Sri Lanka,168
2023-04-21,India,136556
2023-04-21,Nepal,1552
2023-04-21,Sri Lanka,2029
2023-04-22,India,271401
2023-04-22,Nepal,19846
2023-04-22,Sri Lanka,21625
2023-04-23,India,56284
2023-04-23,Nepal,771
2023-04-23,Sri Lanka,1057
2023-04-24,India,67036
2023-04-24,Nepal,256
2023-04-24,Sri Lanka,472
2023-04-25,India,63806
2023-04-25,Nepal,123
2023-04-25,Sri Lanka,397
2023-04-26,India,27356
2023-04-26,Nepal,166
2023-04-27,India,39124
2023-04-27,Nepal,114
2023-04-27,Sri Lanka,180
2023-04-28,India,35446
2023-04-29,India,23312
2023-04-29,Sri Lanka,157
2023-04-30,India,33529
2023-04-30,Sri Lanka,132
2023-05-01,India,30861
2023-05-01,Sri Lanka,253
2023-05-02,India,21923
2023-05-03,India,28821
2023-05-04,India,16132
2023-05-05,India,18736
2023-05-06,India,30708
2023-05-07,India,24290
2023-05-07,Sri Lanka,191
2023-05-08,India,20484
2023-05-09,India,34209
2023-05-09,Sri Lanka,149
2023-05-10,India,35386
2023-05-10,Sri Lanka,107
2023-05-11,India,41025
2023-05-11,Nepal,126
2023-05-11,Sri Lanka,131
2023-05-12,India,25798
2023-05-13,India,29941
2023-05-14,India,29217
2023-05-14,Sri Lanka,165
2023-05-15,India,30383
2023-05-15,Nepal,217
2023-05-16,India,28918
2023-05-17,India,40341
2023-05-18,India,31121
2023-05-18,Nepal,101
2023-05-19,India,40531
2023-05-20,India,26120
2023-05-21,India,35375
2023-05-22,India,25854
2023-05-22,Sri Lanka,96
2023-05-23,India,24988
2023-05-24,India,29099
2023-05-25,India,39762
2023-05-26,India,29331
2023-05-27,India,24499
2023-05-28,India,29573
2023-05-29,India,25425
2023-05-30,India,34981
